{
  "assetsByChunkName": {
    "vendors~app-account~app-confirmation~app-order": [
      "chunk.bcedd892381e3f13805d.js",
      "chunk.bcedd892381e3f13805d.js.map"
    ],
    "vendors~app-account~app-checkout": [
      "chunk.b323e2647bfe84f88b33.js",
      "chunk.b323e2647bfe84f88b33.js.map"
    ],
    "vendors~app-cart~app-checkout": [
      "chunk.a2683c5828de644e59b4.js",
      "chunk.a2683c5828de644e59b4.js.map"
    ],
    "admin": [
      "admin.5ca982b6759a9f15e80b.js",
      "admin.5ca982b6759a9f15e80b.js.map"
    ],
    "app-account": [
      "chunk.3c0306c71cdc2942dc5f.js",
      "chunk.3c0306c71cdc2942dc5f.js.map"
    ],
    "app-cart": [
      "chunk.d4ed5cca87449309d0ba.js",
      "chunk.d4ed5cca87449309d0ba.js.map"
    ],
    "app-confirmation": [
      "chunk.47c53270522fcab8621a.js",
      "chunk.47c53270522fcab8621a.js.map"
    ],
    "app-order": [
      "chunk.ed0e88b7110a9c2bfb9e.js",
      "chunk.ed0e88b7110a9c2bfb9e.js.map"
    ],
    "checkout": [
      "checkout.b0b9da8fa4c3c0c65541.js",
      "checkout.b0b9da8fa4c3c0c65541.js.map"
    ],
    "storefront": [
      "storefront.0de28a857120507a3f7b.css",
      "storefront.97c4c8566519594a0838.js",
      "storefront.0de28a857120507a3f7b.css.map",
      "storefront.97c4c8566519594a0838.js.map"
    ],
    "vendors~app-checkout": [
      "chunk.9d8a9fb26dd04efb3aa3.js",
      "chunk.9d8a9fb26dd04efb3aa3.js.map"
    ]
  }
}